{"Customers":[{"Id":0,"Coordinates":{"X":1537,"Y":4511}},{"Id":1,"Coordinates":{"X":4130,"Y":1386}},{"Id":2,"Coordinates":{"X":1118,"Y":2373}},{"Id":3,"Coordinates":{"X":4415,"Y":3256}},{"Id":4,"Coordinates":{"X":1365,"Y":3279}},{"Id":5,"Coordinates":{"X":677,"Y":2541}},{"Id":6,"Coordinates":{"X":3447,"Y":3043}},{"Id":7,"Coordinates":{"X":4751,"Y":826}},{"Id":8,"Coordinates":{"X":4313,"Y":617}},{"Id":9,"Coordinates":{"X":3846,"Y":2472}},{"Id":10,"Coordinates":{"X":2535,"Y":4396}},{"Id":11,"Coordinates":{"X":1699,"Y":3772}},{"Id":12,"Coordinates":{"X":990,"Y":4665}},{"Id":13,"Coordinates":{"X":4001,"Y":4318}},{"Id":14,"Coordinates":{"X":4951,"Y":3394}},{"Id":15,"Coordinates":{"X":678,"Y":279}},{"Id":16,"Coordinates":{"X":625,"Y":2553}},{"Id":17,"Coordinates":{"X":1203,"Y":4992}},{"Id":18,"Coordinates":{"X":3311,"Y":1710}},{"Id":19,"Coordinates":{"X":241,"Y":980}},{"Id":20,"Coordinates":{"X":3640,"Y":3142}},{"Id":21,"Coordinates":{"X":366,"Y":169}},{"Id":22,"Coordinates":{"X":442,"Y":4871}},{"Id":23,"Coordinates":{"X":3915,"Y":1674}},{"Id":24,"Coordinates":{"X":4034,"Y":862}},{"Id":25,"Coordinates":{"X":1270,"Y":3661}},{"Id":26,"Coordinates":{"X":1281,"Y":2391}},{"Id":27,"Coordinates":{"X":3314,"Y":3595}},{"Id":28,"Coordinates":{"X":1296,"Y":1658}},{"Id":29,"Coordinates":{"X":4104,"Y":3045}},{"Id":30,"Coordinates":{"X":1975,"Y":2083}},{"Id":31,"Coordinates":{"X":4241,"Y":1852}},{"Id":32,"Coordinates":{"X":2917,"Y":691}},{"Id":33,"Coordinates":{"X":3022,"Y":4615}},{"Id":34,"Coordinates":{"X":2804,"Y":1502}},{"Id":35,"Coordinates":{"X":85,"Y":2385}},{"Id":36,"Coordinates":{"X":2359,"Y":3748}},{"Id":37,"Coordinates":{"X":894,"Y":1366}},{"Id":38,"Coordinates":{"X":1083,"Y":2083}},{"Id":39,"Coordinates":{"X":4459,"Y":4380}},{"Id":40,"Coordinates":{"X":4109,"Y":36}},{"Id":41,"Coordinates":{"X":3662,"Y":4236}},{"Id":42,"Coordinates":{"X":2412,"Y":4828}},{"Id":43,"Coordinates":{"X":151,"Y":845}},{"Id":44,"Coordinates":{"X":4720,"Y":479}},{"Id":45,"Coordinates":{"X":1925,"Y":3201}},{"Id":46,"Coordinates":{"X":1538,"Y":2586}},{"Id":47,"Coordinates":{"X":2331,"Y":3167}},{"Id":48,"Coordinates":{"X":546,"Y":1758}},{"Id":49,"Coordinates":{"X":3024,"Y":1250}},{"Id":50,"Coordinates":{"X":3535,"Y":889}},{"Id":51,"Coordinates":{"X":1473,"Y":1182}},{"Id":52,"Coordinates":{"X":4054,"Y":364}},{"Id":53,"Coordinates":{"X":2772,"Y":4965}},{"Id":54,"Coordinates":{"X":22,"Y":1887}},{"Id":55,"Coordinates":{"X":4444,"Y":393}},{"Id":56,"Coordinates":{"X":343,"Y":3842}},{"Id":57,"Coordinates":{"X":2592,"Y":4518}},{"Id":58,"Coordinates":{"X":4683,"Y":4392}},{"Id":59,"Coordinates":{"X":4535,"Y":435}},{"Id":60,"Coordinates":{"X":4224,"Y":3545}},{"Id":61,"Coordinates":{"X":1458,"Y":1391}},{"Id":62,"Coordinates":{"X":2814,"Y":4743}},{"Id":63,"Coordinates":{"X":890,"Y":3598}},{"Id":64,"Coordinates":{"X":1699,"Y":2920}},{"Id":65,"Coordinates":{"X":1454,"Y":1095}},{"Id":66,"Coordinates":{"X":606,"Y":248}},{"Id":67,"Coordinates":{"X":1385,"Y":4598}},{"Id":68,"Coordinates":{"X":1890,"Y":4129}},{"Id":69,"Coordinates":{"X":2767,"Y":1577}},{"Id":70,"Coordinates":{"X":4356,"Y":2729}},{"Id":71,"Coordinates":{"X":3461,"Y":423}},{"Id":72,"Coordinates":{"X":3977,"Y":3569}},{"Id":73,"Coordinates":{"X":3783,"Y":1312}},{"Id":74,"Coordinates":{"X":3851,"Y":4235}},{"Id":75,"Coordinates":{"X":3683,"Y":1381}},{"Id":76,"Coordinates":{"X":3761,"Y":3510}},{"Id":77,"Coordinates":{"X":1878,"Y":502}},{"Id":78,"Coordinates":{"X":3007,"Y":4153}},{"Id":79,"Coordinates":{"X":4615,"Y":4851}},{"Id":80,"Coordinates":{"X":4453,"Y":3543}},{"Id":81,"Coordinates":{"X":752,"Y":4956}},{"Id":82,"Coordinates":{"X":2270,"Y":4476}},{"Id":83,"Coordinates":{"X":3536,"Y":3080}},{"Id":84,"Coordinates":{"X":2231,"Y":2977}},{"Id":85,"Coordinates":{"X":1999,"Y":1900}},{"Id":86,"Coordinates":{"X":2177,"Y":888}},{"Id":87,"Coordinates":{"X":2352,"Y":4962}},{"Id":88,"Coordinates":{"X":2382,"Y":3779}},{"Id":89,"Coordinates":{"X":1162,"Y":39}},{"Id":90,"Coordinates":{"X":3787,"Y":2305}},{"Id":91,"Coordinates":{"X":1322,"Y":1390}},{"Id":92,"Coordinates":{"X":3987,"Y":1357}},{"Id":93,"Coordinates":{"X":813,"Y":3316}},{"Id":94,"Coordinates":{"X":4856,"Y":2745}},{"Id":95,"Coordinates":{"X":4868,"Y":1948}},{"Id":96,"Coordinates":{"X":4425,"Y":2416}},{"Id":97,"Coordinates":{"X":4340,"Y":1294}},{"Id":98,"Coordinates":{"X":2412,"Y":994}},{"Id":99,"Coordinates":{"X":3593,"Y":295}},{"Id":100,"Coordinates":{"X":1490,"Y":1149}},{"Id":101,"Coordinates":{"X":1417,"Y":4905}},{"Id":102,"Coordinates":{"X":1179,"Y":878}},{"Id":103,"Coordinates":{"X":19,"Y":1567}},{"Id":104,"Coordinates":{"X":2832,"Y":4751}},{"Id":105,"Coordinates":{"X":247,"Y":3937}},{"Id":106,"Coordinates":{"X":1174,"Y":92}},{"Id":107,"Coordinates":{"X":1125,"Y":2765}},{"Id":108,"Coordinates":{"X":2242,"Y":1760}},{"Id":109,"Coordinates":{"X":4293,"Y":3433}},{"Id":110,"Coordinates":{"X":4853,"Y":3357}},{"Id":111,"Coordinates":{"X":878,"Y":4028}},{"Id":112,"Coordinates":{"X":76,"Y":484}},{"Id":113,"Coordinates":{"X":1029,"Y":2224}},{"Id":114,"Coordinates":{"X":2558,"Y":257}},{"Id":115,"Coordinates":{"X":873,"Y":1828}},{"Id":116,"Coordinates":{"X":2485,"Y":1056}},{"Id":117,"Coordinates":{"X":1172,"Y":2965}},{"Id":118,"Coordinates":{"X":1374,"Y":2538}},{"Id":119,"Coordinates":{"X":1462,"Y":4767}},{"Id":120,"Coordinates":{"X":2654,"Y":3324}},{"Id":121,"Coordinates":{"X":4956,"Y":222}},{"Id":122,"Coordinates":{"X":3049,"Y":996}},{"Id":123,"Coordinates":{"X":1349,"Y":2723}},{"Id":124,"Coordinates":{"X":2536,"Y":3303}},{"Id":125,"Coordinates":{"X":1322,"Y":3088}},{"Id":126,"Coordinates":{"X":2588,"Y":1679}},{"Id":127,"Coordinates":{"X":3018,"Y":2805}},{"Id":128,"Coordinates":{"X":1350,"Y":709}},{"Id":129,"Coordinates":{"X":4704,"Y":1341}},{"Id":130,"Coordinates":{"X":3601,"Y":4214}},{"Id":131,"Coordinates":{"X":1946,"Y":2104}},{"Id":132,"Coordinates":{"X":1785,"Y":3355}},{"Id":133,"Coordinates":{"X":487,"Y":2050}},{"Id":134,"Coordinates":{"X":1760,"Y":339}},{"Id":135,"Coordinates":{"X":3373,"Y":1833}},{"Id":136,"Coordinates":{"X":4246,"Y":2422}},{"Id":137,"Coordinates":{"X":1324,"Y":2501}},{"Id":138,"Coordinates":{"X":2748,"Y":4640}},{"Id":139,"Coordinates":{"X":4547,"Y":3708}},{"Id":140,"Coordinates":{"X":2241,"Y":3999}},{"Id":141,"Coordinates":{"X":3604,"Y":2107}},{"Id":142,"Coordinates":{"X":4341,"Y":3286}},{"Id":143,"Coordinates":{"X":2430,"Y":3558}},{"Id":144,"Coordinates":{"X":227,"Y":622}},{"Id":145,"Coordinates":{"X":2574,"Y":1771}},{"Id":146,"Coordinates":{"X":4431,"Y":4451}},{"Id":147,"Coordinates":{"X":1894,"Y":3894}},{"Id":148,"Coordinates":{"X":1557,"Y":366}},{"Id":149,"Coordinates":{"X":1535,"Y":477}},{"Id":150,"Coordinates":{"X":354,"Y":3837}},{"Id":151,"Coordinates":{"X":4781,"Y":1645}},{"Id":152,"Coordinates":{"X":1328,"Y":4564}},{"Id":153,"Coordinates":{"X":256,"Y":2830}},{"Id":154,"Coordinates":{"X":218,"Y":3507}},{"Id":155,"Coordinates":{"X":110,"Y":3304}},{"Id":156,"Coordinates":{"X":698,"Y":1202}},{"Id":157,"Coordinates":{"X":1707,"Y":173}},{"Id":158,"Coordinates":{"X":1744,"Y":2281}},{"Id":159,"Coordinates":{"X":489,"Y":4709}},{"Id":160,"Coordinates":{"X":4794,"Y":616}},{"Id":161,"Coordinates":{"X":1844,"Y":3117}},{"Id":162,"Coordinates":{"X":209,"Y":2004}},{"Id":163,"Coordinates":{"X":4105,"Y":2622}},{"Id":164,"Coordinates":{"X":2802,"Y":1094}},{"Id":165,"Coordinates":{"X":4219,"Y":2562}},{"Id":166,"Coordinates":{"X":3986,"Y":3210}},{"Id":167,"Coordinates":{"X":3524,"Y":887}},{"Id":168,"Coordinates":{"X":3580,"Y":3453}},{"Id":169,"Coordinates":{"X":4666,"Y":1417}},{"Id":170,"Coordinates":{"X":4500,"Y":156}},{"Id":171,"Coordinates":{"X":4910,"Y":4574}},{"Id":172,"Coordinates":{"X":1448,"Y":788}},{"Id":173,"Coordinates":{"X":2370,"Y":3686}},{"Id":174,"Coordinates":{"X":1094,"Y":594}},{"Id":175,"Coordinates":{"X":485,"Y":1385}},{"Id":176,"Coordinates":{"X":3696,"Y":696}},{"Id":177,"Coordinates":{"X":3163,"Y":2889}},{"Id":178,"Coordinates":{"X":442,"Y":4630}},{"Id":179,"Coordinates":{"X":1005,"Y":4872}},{"Id":180,"Coordinates":{"X":4323,"Y":730}},{"Id":181,"Coordinates":{"X":2764,"Y":4821}},{"Id":182,"Coordinates":{"X":797,"Y":1699}},{"Id":183,"Coordinates":{"X":2806,"Y":2181}},{"Id":184,"Coordinates":{"X":4243,"Y":2202}},{"Id":185,"Coordinates":{"X":2693,"Y":1236}},{"Id":186,"Coordinates":{"X":3795,"Y":4743}},{"Id":187,"Coordinates":{"X":3312,"Y":965}},{"Id":188,"Coordinates":{"X":2429,"Y":1155}},{"Id":189,"Coordinates":{"X":3087,"Y":4623}},{"Id":190,"Coordinates":{"X":3855,"Y":2133}},{"Id":191,"Coordinates":{"X":1280,"Y":2867}},{"Id":192,"Coordinates":{"X":4038,"Y":1614}},{"Id":193,"Coordinates":{"X":293,"Y":2252}},{"Id":194,"Coordinates":{"X":4413,"Y":4649}},{"Id":195,"Coordinates":{"X":2471,"Y":380}},{"Id":196,"Coordinates":{"X":4903,"Y":634}},{"Id":197,"Coordinates":{"X":3682,"Y":2683}},{"Id":198,"Coordinates":{"X":1737,"Y":291}},{"Id":199,"Coordinates":{"X":914,"Y":4412}},{"Id":200,"Coordinates":{"X":3199,"Y":1123}},{"Id":201,"Coordinates":{"X":4832,"Y":4642}},{"Id":202,"Coordinates":{"X":3920,"Y":1138}},{"Id":203,"Coordinates":{"X":4092,"Y":702}},{"Id":204,"Coordinates":{"X":2233,"Y":1939}},{"Id":205,"Coordinates":{"X":3454,"Y":321}},{"Id":206,"Coordinates":{"X":608,"Y":1414}},{"Id":207,"Coordinates":{"X":3225,"Y":2089}},{"Id":208,"Coordinates":{"X":443,"Y":3473}},{"Id":209,"Coordinates":{"X":177,"Y":916}},{"Id":210,"Coordinates":{"X":3792,"Y":604}},{"Id":211,"Coordinates":{"X":3420,"Y":1957}},{"Id":212,"Coordinates":{"X":4781,"Y":3913}},{"Id":213,"Coordinates":{"X":1347,"Y":1654}},{"Id":214,"Coordinates":{"X":864,"Y":1616}},{"Id":215,"Coordinates":{"X":1454,"Y":4937}},{"Id":216,"Coordinates":{"X":1922,"Y":1525}},{"Id":217,"Coordinates":{"X":3245,"Y":2902}},{"Id":218,"Coordinates":{"X":3410,"Y":3894}},{"Id":219,"Coordinates":{"X":1564,"Y":3201}},{"Id":220,"Coordinates":{"X":2204,"Y":589}},{"Id":221,"Coordinates":{"X":1134,"Y":4544}},{"Id":222,"Coordinates":{"X":396,"Y":2302}},{"Id":223,"Coordinates":{"X":2066,"Y":3801}},{"Id":224,"Coordinates":{"X":811,"Y":3978}},{"Id":225,"Coordinates":{"X":1208,"Y":1560}},{"Id":226,"Coordinates":{"X":2012,"Y":101}},{"Id":227,"Coordinates":{"X":633,"Y":601}},{"Id":228,"Coordinates":{"X":1003,"Y":1315}},{"Id":229,"Coordinates":{"X":1704,"Y":1248}},{"Id":230,"Coordinates":{"X":988,"Y":4931}},{"Id":231,"Coordinates":{"X":3758,"Y":3737}},{"Id":232,"Coordinates":{"X":3344,"Y":1847}},{"Id":233,"Coordinates":{"X":1873,"Y":4287}},{"Id":234,"Coordinates":{"X":2550,"Y":4857}},{"Id":235,"Coordinates":{"X":3572,"Y":2581}},{"Id":236,"Coordinates":{"X":982,"Y":2612}},{"Id":237,"Coordinates":{"X":1644,"Y":2550}},{"Id":238,"Coordinates":{"X":1766,"Y":4251}},{"Id":239,"Coordinates":{"X":1457,"Y":449}},{"Id":240,"Coordinates":{"X":1255,"Y":2974}},{"Id":241,"Coordinates":{"X":549,"Y":3705}},{"Id":242,"Coordinates":{"X":1504,"Y":3191}},{"Id":243,"Coordinates":{"X":4388,"Y":3887}},{"Id":244,"Coordinates":{"X":485,"Y":4961}},{"Id":245,"Coordinates":{"X":715,"Y":338}},{"Id":246,"Coordinates":{"X":2121,"Y":4433}},{"Id":247,"Coordinates":{"X":2366,"Y":1898}},{"Id":248,"Coordinates":{"X":3848,"Y":1065}},{"Id":249,"Coordinates":{"X":565,"Y":1289}},{"Id":250,"Coordinates":{"X":263,"Y":4436}},{"Id":251,"Coordinates":{"X":312,"Y":4280}},{"Id":252,"Coordinates":{"X":1697,"Y":3423}},{"Id":253,"Coordinates":{"X":4872,"Y":1912}},{"Id":254,"Coordinates":{"X":4830,"Y":1723}},{"Id":255,"Coordinates":{"X":4454,"Y":1813}},{"Id":256,"Coordinates":{"X":472,"Y":101}},{"Id":257,"Coordinates":{"X":2570,"Y":2048}},{"Id":258,"Coordinates":{"X":3841,"Y":485}},{"Id":259,"Coordinates":{"X":2287,"Y":1232}},{"Id":260,"Coordinates":{"X":4915,"Y":4074}},{"Id":261,"Coordinates":{"X":4166,"Y":4564}},{"Id":262,"Coordinates":{"X":162,"Y":4960}},{"Id":263,"Coordinates":{"X":4075,"Y":1402}},{"Id":264,"Coordinates":{"X":565,"Y":2401}},{"Id":265,"Coordinates":{"X":4227,"Y":1762}},{"Id":266,"Coordinates":{"X":3971,"Y":4291}},{"Id":267,"Coordinates":{"X":2857,"Y":4416}},{"Id":268,"Coordinates":{"X":2718,"Y":1196}},{"Id":269,"Coordinates":{"X":3419,"Y":867}},{"Id":270,"Coordinates":{"X":1988,"Y":3845}},{"Id":271,"Coordinates":{"X":4494,"Y":1093}},{"Id":272,"Coordinates":{"X":3032,"Y":4753}},{"Id":273,"Coordinates":{"X":4175,"Y":27}},{"Id":274,"Coordinates":{"X":3732,"Y":1307}},{"Id":275,"Coordinates":{"X":1080,"Y":2261}},{"Id":276,"Coordinates":{"X":1587,"Y":1502}},{"Id":277,"Coordinates":{"X":2412,"Y":4649}},{"Id":278,"Coordinates":{"X":2792,"Y":40}},{"Id":279,"Coordinates":{"X":4191,"Y":3773}},{"Id":280,"Coordinates":{"X":4011,"Y":4411}},{"Id":281,"Coordinates":{"X":4234,"Y":1938}},{"Id":282,"Coordinates":{"X":1391,"Y":4329}},{"Id":283,"Coordinates":{"X":3696,"Y":4071}},{"Id":284,"Coordinates":{"X":3727,"Y":1618}},{"Id":285,"Coordinates":{"X":2202,"Y":4768}},{"Id":286,"Coordinates":{"X":4790,"Y":4160}},{"Id":287,"Coordinates":{"X":414,"Y":1804}},{"Id":288,"Coordinates":{"X":1775,"Y":3739}},{"Id":289,"Coordinates":{"X":3325,"Y":4996}},{"Id":290,"Coordinates":{"X":2006,"Y":4481}},{"Id":291,"Coordinates":{"X":3651,"Y":2843}},{"Id":292,"Coordinates":{"X":1612,"Y":640}},{"Id":293,"Coordinates":{"X":1569,"Y":1480}},{"Id":294,"Coordinates":{"X":4005,"Y":3134}},{"Id":295,"Coordinates":{"X":85,"Y":1081}},{"Id":296,"Coordinates":{"X":2653,"Y":2522}},{"Id":297,"Coordinates":{"X":3503,"Y":1268}},{"Id":298,"Coordinates":{"X":2918,"Y":2486}},{"Id":299,"Coordinates":{"X":3507,"Y":2503}},{"Id":300,"Coordinates":{"X":2296,"Y":4151}},{"Id":301,"Coordinates":{"X":898,"Y":1363}},{"Id":302,"Coordinates":{"X":2028,"Y":1849}},{"Id":303,"Coordinates":{"X":2297,"Y":4447}},{"Id":304,"Coordinates":{"X":3629,"Y":443}},{"Id":305,"Coordinates":{"X":3439,"Y":351}},{"Id":306,"Coordinates":{"X":4690,"Y":3361}},{"Id":307,"Coordinates":{"X":4549,"Y":841}},{"Id":308,"Coordinates":{"X":3522,"Y":3752}},{"Id":309,"Coordinates":{"X":1463,"Y":2592}},{"Id":310,"Coordinates":{"X":4442,"Y":1908}},{"Id":311,"Coordinates":{"X":1230,"Y":3523}},{"Id":312,"Coordinates":{"X":4771,"Y":3121}},{"Id":313,"Coordinates":{"X":4406,"Y":2447}},{"Id":314,"Coordinates":{"X":3921,"Y":3660}},{"Id":315,"Coordinates":{"X":2653,"Y":2363}},{"Id":316,"Coordinates":{"X":3423,"Y":2761}},{"Id":317,"Coordinates":{"X":2013,"Y":3804}},{"Id":318,"Coordinates":{"X":1393,"Y":399}},{"Id":319,"Coordinates":{"X":3461,"Y":2221}},{"Id":320,"Coordinates":{"X":858,"Y":3690}},{"Id":321,"Coordinates":{"X":4084,"Y":475}},{"Id":322,"Coordinates":{"X":3820,"Y":3917}},{"Id":323,"Coordinates":{"X":2844,"Y":2136}},{"Id":324,"Coordinates":{"X":1171,"Y":3367}},{"Id":325,"Coordinates":{"X":1728,"Y":44}},{"Id":326,"Coordinates":{"X":1518,"Y":820}},{"Id":327,"Coordinates":{"X":3265,"Y":3458}},{"Id":328,"Coordinates":{"X":2033,"Y":476}},{"Id":329,"Coordinates":{"X":3618,"Y":1802}},{"Id":330,"Coordinates":{"X":101,"Y":1593}},{"Id":331,"Coordinates":{"X":4441,"Y":4674}},{"Id":332,"Coordinates":{"X":3473,"Y":3324}},{"Id":333,"Coordinates":{"X":4535,"Y":4876}},{"Id":334,"Coordinates":{"X":2884,"Y":666}},{"Id":335,"Coordinates":{"X":2181,"Y":720}},{"Id":336,"Coordinates":{"X":2421,"Y":4919}},{"Id":337,"Coordinates":{"X":2625,"Y":681}},{"Id":338,"Coordinates":{"X":4520,"Y":426}},{"Id":339,"Coordinates":{"X":1855,"Y":3048}},{"Id":340,"Coordinates":{"X":3408,"Y":639}},{"Id":341,"Coordinates":{"X":2224,"Y":4051}},{"Id":342,"Coordinates":{"X":2328,"Y":3938}},{"Id":343,"Coordinates":{"X":4077,"Y":2235}},{"Id":344,"Coordinates":{"X":1223,"Y":1989}},{"Id":345,"Coordinates":{"X":1491,"Y":274}},{"Id":346,"Coordinates":{"X":2155,"Y":4707}},{"Id":347,"Coordinates":{"X":3602,"Y":3442}},{"Id":348,"Coordinates":{"X":3751,"Y":3344}},{"Id":349,"Coordinates":{"X":86,"Y":4311}},{"Id":350,"Coordinates":{"X":3513,"Y":3011}},{"Id":351,"Coordinates":{"X":254,"Y":1537}},{"Id":352,"Coordinates":{"X":2301,"Y":4855}},{"Id":353,"Coordinates":{"X":485,"Y":4504}},{"Id":354,"Coordinates":{"X":4603,"Y":2803}},{"Id":355,"Coordinates":{"X":3222,"Y":2610}},{"Id":356,"Coordinates":{"X":912,"Y":4198}},{"Id":357,"Coordinates":{"X":3269,"Y":2242}},{"Id":358,"Coordinates":{"X":4849,"Y":4677}},{"Id":359,"Coordinates":{"X":4485,"Y":4750}},{"Id":360,"Coordinates":{"X":2596,"Y":3363}},{"Id":361,"Coordinates":{"X":2908,"Y":1252}},{"Id":362,"Coordinates":{"X":1792,"Y":3116}},{"Id":363,"Coordinates":{"X":3633,"Y":104}},{"Id":364,"Coordinates":{"X":1875,"Y":4090}},{"Id":365,"Coordinates":{"X":4829,"Y":41}},{"Id":366,"Coordinates":{"X":2132,"Y":4930}},{"Id":367,"Coordinates":{"X":3870,"Y":2476}},{"Id":368,"Coordinates":{"X":1239,"Y":4057}},{"Id":369,"Coordinates":{"X":3563,"Y":2693}},{"Id":370,"Coordinates":{"X":1379,"Y":3444}},{"Id":371,"Coordinates":{"X":814,"Y":956}},{"Id":372,"Coordinates":{"X":4363,"Y":1275}},{"Id":373,"Coordinates":{"X":1385,"Y":4866}},{"Id":374,"Coordinates":{"X":402,"Y":1232}},{"Id":375,"Coordinates":{"X":3123,"Y":3707}},{"Id":376,"Coordinates":{"X":4599,"Y":4248}},{"Id":377,"Coordinates":{"X":563,"Y":196}},{"Id":378,"Coordinates":{"X":3008,"Y":126}},{"Id":379,"Coordinates":{"X":4736,"Y":1811}},{"Id":380,"Coordinates":{"X":1043,"Y":3426}},{"Id":381,"Coordinates":{"X":3816,"Y":3126}},{"Id":382,"Coordinates":{"X":3716,"Y":394}},{"Id":383,"Coordinates":{"X":4594,"Y":1189}},{"Id":384,"Coordinates":{"X":1313,"Y":3879}},{"Id":385,"Coordinates":{"X":3202,"Y":1138}},{"Id":386,"Coordinates":{"X":4488,"Y":145}},{"Id":387,"Coordinates":{"X":4934,"Y":1938}},{"Id":388,"Coordinates":{"X":1320,"Y":3669}},{"Id":389,"Coordinates":{"X":2343,"Y":2131}},{"Id":390,"Coordinates":{"X":4204,"Y":558}},{"Id":391,"Coordinates":{"X":3480,"Y":2690}},{"Id":392,"Coordinates":{"X":4606,"Y":4906}},{"Id":393,"Coordinates":{"X":3896,"Y":752}},{"Id":394,"Coordinates":{"X":3676,"Y":488}},{"Id":395,"Coordinates":{"X":3156,"Y":1134}},{"Id":396,"Coordinates":{"X":1876,"Y":3212}},{"Id":397,"Coordinates":{"X":3653,"Y":4546}},{"Id":398,"Coordinates":{"X":4357,"Y":1549}},{"Id":399,"Coordinates":{"X":3111,"Y":4316}},{"Id":400,"Coordinates":{"X":2733,"Y":1112}},{"Id":401,"Coordinates":{"X":3432,"Y":1517}},{"Id":402,"Coordinates":{"X":2919,"Y":114}},{"Id":403,"Coordinates":{"X":1028,"Y":4847}},{"Id":404,"Coordinates":{"X":2047,"Y":967}},{"Id":405,"Coordinates":{"X":2032,"Y":4875}},{"Id":406,"Coordinates":{"X":4175,"Y":4675}},{"Id":407,"Coordinates":{"X":1572,"Y":1489}},{"Id":408,"Coordinates":{"X":4064,"Y":399}},{"Id":409,"Coordinates":{"X":1180,"Y":4740}},{"Id":410,"Coordinates":{"X":2040,"Y":4342}},{"Id":411,"Coordinates":{"X":1709,"Y":1708}},{"Id":412,"Coordinates":{"X":937,"Y":3220}},{"Id":413,"Coordinates":{"X":4228,"Y":4034}},{"Id":414,"Coordinates":{"X":1287,"Y":87}},{"Id":415,"Coordinates":{"X":4147,"Y":2544}},{"Id":416,"Coordinates":{"X":524,"Y":205}},{"Id":417,"Coordinates":{"X":4808,"Y":1597}},{"Id":418,"Coordinates":{"X":3061,"Y":740}},{"Id":419,"Coordinates":{"X":1309,"Y":158}},{"Id":420,"Coordinates":{"X":3833,"Y":4568}},{"Id":421,"Coordinates":{"X":2998,"Y":1391}},{"Id":422,"Coordinates":{"X":309,"Y":821}},{"Id":423,"Coordinates":{"X":1775,"Y":1595}},{"Id":424,"Coordinates":{"X":946,"Y":3222}},{"Id":425,"Coordinates":{"X":1973,"Y":843}},{"Id":426,"Coordinates":{"X":1506,"Y":3998}},{"Id":427,"Coordinates":{"X":2433,"Y":3156}},{"Id":428,"Coordinates":{"X":4605,"Y":2445}},{"Id":429,"Coordinates":{"X":4165,"Y":73}},{"Id":430,"Coordinates":{"X":3767,"Y":4417}},{"Id":431,"Coordinates":{"X":3426,"Y":1011}},{"Id":432,"Coordinates":{"X":4532,"Y":497}},{"Id":433,"Coordinates":{"X":4985,"Y":3886}},{"Id":434,"Coordinates":{"X":2872,"Y":993}},{"Id":435,"Coordinates":{"X":221,"Y":3376}},{"Id":436,"Coordinates":{"X":2405,"Y":4187}},{"Id":437,"Coordinates":{"X":1178,"Y":3149}},{"Id":438,"Coordinates":{"X":245,"Y":1054}},{"Id":439,"Coordinates":{"X":4094,"Y":1567}},{"Id":440,"Coordinates":{"X":135,"Y":2805}},{"Id":441,"Coordinates":{"X":2383,"Y":1241}},{"Id":442,"Coordinates":{"X":1262,"Y":3075}},{"Id":443,"Coordinates":{"X":921,"Y":2532}},{"Id":444,"Coordinates":{"X":4554,"Y":276}},{"Id":445,"Coordinates":{"X":862,"Y":3464}},{"Id":446,"Coordinates":{"X":3142,"Y":372}},{"Id":447,"Coordinates":{"X":1839,"Y":2300}},{"Id":448,"Coordinates":{"X":4874,"Y":2868}},{"Id":449,"Coordinates":{"X":2292,"Y":687}},{"Id":450,"Coordinates":{"X":2891,"Y":1631}},{"Id":451,"Coordinates":{"X":4451,"Y":2707}},{"Id":452,"Coordinates":{"X":3019,"Y":2714}},{"Id":453,"Coordinates":{"X":456,"Y":3708}},{"Id":454,"Coordinates":{"X":2150,"Y":4484}},{"Id":455,"Coordinates":{"X":2769,"Y":1453}},{"Id":456,"Coordinates":{"X":3144,"Y":1591}},{"Id":457,"Coordinates":{"X":2892,"Y":2436}},{"Id":458,"Coordinates":{"X":4856,"Y":4659}},{"Id":459,"Coordinates":{"X":4379,"Y":4689}},{"Id":460,"Coordinates":{"X":2694,"Y":1818}},{"Id":461,"Coordinates":{"X":1809,"Y":1562}},{"Id":462,"Coordinates":{"X":2433,"Y":4420}},{"Id":463,"Coordinates":{"X":4880,"Y":4761}},{"Id":464,"Coordinates":{"X":3776,"Y":1764}},{"Id":465,"Coordinates":{"X":262,"Y":3338}},{"Id":466,"Coordinates":{"X":3561,"Y":3239}},{"Id":467,"Coordinates":{"X":1742,"Y":2207}},{"Id":468,"Coordinates":{"X":558,"Y":4024}},{"Id":469,"Coordinates":{"X":3415,"Y":1841}},{"Id":470,"Coordinates":{"X":1339,"Y":3917}},{"Id":471,"Coordinates":{"X":1656,"Y":1146}},{"Id":472,"Coordinates":{"X":76,"Y":2234}},{"Id":473,"Coordinates":{"X":4206,"Y":3208}},{"Id":474,"Coordinates":{"X":1148,"Y":959}},{"Id":475,"Coordinates":{"X":3378,"Y":4149}},{"Id":476,"Coordinates":{"X":4054,"Y":2288}},{"Id":477,"Coordinates":{"X":3384,"Y":997}},{"Id":478,"Coordinates":{"X":3138,"Y":3512}},{"Id":479,"Coordinates":{"X":1779,"Y":192}},{"Id":480,"Coordinates":{"X":4975,"Y":4566}},{"Id":481,"Coordinates":{"X":1267,"Y":3724}},{"Id":482,"Coordinates":{"X":4466,"Y":2429}},{"Id":483,"Coordinates":{"X":4602,"Y":4309}},{"Id":484,"Coordinates":{"X":3978,"Y":4988}},{"Id":485,"Coordinates":{"X":3085,"Y":459}},{"Id":486,"Coordinates":{"X":3371,"Y":707}},{"Id":487,"Coordinates":{"X":320,"Y":4603}},{"Id":488,"Coordinates":{"X":52,"Y":4990}},{"Id":489,"Coordinates":{"X":3018,"Y":321}},{"Id":490,"Coordinates":{"X":4841,"Y":3378}},{"Id":491,"Coordinates":{"X":1114,"Y":2794}},{"Id":492,"Coordinates":{"X":2736,"Y":4832}},{"Id":493,"Coordinates":{"X":161,"Y":116}},{"Id":494,"Coordinates":{"X":1177,"Y":74}},{"Id":495,"Coordinates":{"X":4695,"Y":3349}},{"Id":496,"Coordinates":{"X":4443,"Y":2796}},{"Id":497,"Coordinates":{"X":2138,"Y":42}},{"Id":498,"Coordinates":{"X":1879,"Y":4233}},{"Id":499,"Coordinates":{"X":3453,"Y":2245}},{"Id":500,"Coordinates":{"X":523,"Y":3367}},{"Id":501,"Coordinates":{"X":826,"Y":3560}},{"Id":502,"Coordinates":{"X":1966,"Y":1896}},{"Id":503,"Coordinates":{"X":1910,"Y":4348}},{"Id":504,"Coordinates":{"X":2447,"Y":4416}},{"Id":505,"Coordinates":{"X":3509,"Y":2356}},{"Id":506,"Coordinates":{"X":225,"Y":1543}},{"Id":507,"Coordinates":{"X":4780,"Y":2818}},{"Id":508,"Coordinates":{"X":2572,"Y":1528}},{"Id":509,"Coordinates":{"X":76,"Y":3382}},{"Id":510,"Coordinates":{"X":3029,"Y":4532}},{"Id":511,"Coordinates":{"X":4292,"Y":2660}},{"Id":512,"Coordinates":{"X":292,"Y":4412}},{"Id":513,"Coordinates":{"X":1043,"Y":2976}},{"Id":514,"Coordinates":{"X":2145,"Y":2775}},{"Id":515,"Coordinates":{"X":2800,"Y":3698}},{"Id":516,"Coordinates":{"X":2284,"Y":4179}},{"Id":517,"Coordinates":{"X":929,"Y":4063}},{"Id":518,"Coordinates":{"X":2532,"Y":1715}},{"Id":519,"Coordinates":{"X":250,"Y":666}},{"Id":520,"Coordinates":{"X":526,"Y":158}},{"Id":521,"Coordinates":{"X":63,"Y":3171}},{"Id":522,"Coordinates":{"X":1394,"Y":2278}},{"Id":523,"Coordinates":{"X":1982,"Y":747}},{"Id":524,"Coordinates":{"X":631,"Y":1105}},{"Id":525,"Coordinates":{"X":3473,"Y":1909}},{"Id":526,"Coordinates":{"X":4874,"Y":823}},{"Id":527,"Coordinates":{"X":2281,"Y":3850}},{"Id":528,"Coordinates":{"X":3658,"Y":4347}},{"Id":529,"Coordinates":{"X":2634,"Y":2227}},{"Id":530,"Coordinates":{"X":4198,"Y":1784}},{"Id":531,"Coordinates":{"X":1561,"Y":4516}},{"Id":532,"Coordinates":{"X":3707,"Y":2003}},{"Id":533,"Coordinates":{"X":2418,"Y":3092}},{"Id":534,"Coordinates":{"X":2560,"Y":265}},{"Id":535,"Coordinates":{"X":2500,"Y":1584}},{"Id":536,"Coordinates":{"X":1280,"Y":3823}},{"Id":537,"Coordinates":{"X":3802,"Y":1015}},{"Id":538,"Coordinates":{"X":3923,"Y":706}},{"Id":539,"Coordinates":{"X":4979,"Y":2180}},{"Id":540,"Coordinates":{"X":3561,"Y":697}},{"Id":541,"Coordinates":{"X":3157,"Y":4746}},{"Id":542,"Coordinates":{"X":1073,"Y":1967}},{"Id":543,"Coordinates":{"X":1579,"Y":1627}},{"Id":544,"Coordinates":{"X":2658,"Y":3738}},{"Id":545,"Coordinates":{"X":4993,"Y":3009}},{"Id":546,"Coordinates":{"X":4774,"Y":714}},{"Id":547,"Coordinates":{"X":898,"Y":1941}},{"Id":548,"Coordinates":{"X":22,"Y":4809}},{"Id":549,"Coordinates":{"X":2593,"Y":4515}},{"Id":550,"Coordinates":{"X":2587,"Y":1417}},{"Id":551,"Coordinates":{"X":2764,"Y":4104}},{"Id":552,"Coordinates":{"X":4210,"Y":4280}},{"Id":553,"Coordinates":{"X":1897,"Y":3176}},{"Id":554,"Coordinates":{"X":658,"Y":1092}},{"Id":555,"Coordinates":{"X":4723,"Y":856}},{"Id":556,"Coordinates":{"X":4081,"Y":3917}},{"Id":557,"Coordinates":{"X":410,"Y":1196}},{"Id":558,"Coordinates":{"X":1354,"Y":3475}},{"Id":559,"Coordinates":{"X":2175,"Y":702}},{"Id":560,"Coordinates":{"X":1822,"Y":522}},{"Id":561,"Coordinates":{"X":2215,"Y":1908}},{"Id":562,"Coordinates":{"X":1132,"Y":3130}},{"Id":563,"Coordinates":{"X":1842,"Y":2043}},{"Id":564,"Coordinates":{"X":4867,"Y":862}},{"Id":565,"Coordinates":{"X":2932,"Y":2365}},{"Id":566,"Coordinates":{"X":2962,"Y":1940}},{"Id":567,"Coordinates":{"X":757,"Y":4212}},{"Id":568,"Coordinates":{"X":258,"Y":519}},{"Id":569,"Coordinates":{"X":3235,"Y":923}},{"Id":570,"Coordinates":{"X":4638,"Y":768}},{"Id":571,"Coordinates":{"X":2828,"Y":4960}},{"Id":572,"Coordinates":{"X":1864,"Y":133}},{"Id":573,"Coordinates":{"X":1957,"Y":695}},{"Id":574,"Coordinates":{"X":819,"Y":2597}},{"Id":575,"Coordinates":{"X":3133,"Y":4672}},{"Id":576,"Coordinates":{"X":1181,"Y":3664}},{"Id":577,"Coordinates":{"X":1509,"Y":3216}},{"Id":578,"Coordinates":{"X":349,"Y":4713}},{"Id":579,"Coordinates":{"X":3520,"Y":2728}},{"Id":580,"Coordinates":{"X":4908,"Y":1660}},{"Id":581,"Coordinates":{"X":4799,"Y":2947}},{"Id":582,"Coordinates":{"X":4642,"Y":4850}},{"Id":583,"Coordinates":{"X":288,"Y":3552}},{"Id":584,"Coordinates":{"X":4083,"Y":798}},{"Id":585,"Coordinates":{"X":2325,"Y":2484}},{"Id":586,"Coordinates":{"X":4225,"Y":1359}},{"Id":587,"Coordinates":{"X":124,"Y":2614}},{"Id":588,"Coordinates":{"X":1763,"Y":3722}},{"Id":589,"Coordinates":{"X":3613,"Y":2845}},{"Id":590,"Coordinates":{"X":2014,"Y":3273}},{"Id":591,"Coordinates":{"X":2282,"Y":3490}},{"Id":592,"Coordinates":{"X":2882,"Y":1307}},{"Id":593,"Coordinates":{"X":3936,"Y":1874}},{"Id":594,"Coordinates":{"X":4554,"Y":3828}},{"Id":595,"Coordinates":{"X":4465,"Y":18}},{"Id":596,"Coordinates":{"X":2694,"Y":1090}},{"Id":597,"Coordinates":{"X":4101,"Y":1457}},{"Id":598,"Coordinates":{"X":390,"Y":4922}},{"Id":599,"Coordinates":{"X":213,"Y":946}},{"Id":600,"Coordinates":{"X":1735,"Y":2601}},{"Id":601,"Coordinates":{"X":444,"Y":4230}},{"Id":602,"Coordinates":{"X":3902,"Y":2190}},{"Id":603,"Coordinates":{"X":2229,"Y":233}},{"Id":604,"Coordinates":{"X":605,"Y":2843}},{"Id":605,"Coordinates":{"X":3184,"Y":2895}},{"Id":606,"Coordinates":{"X":4630,"Y":3974}},{"Id":607,"Coordinates":{"X":310,"Y":3341}},{"Id":608,"Coordinates":{"X":1203,"Y":4152}},{"Id":609,"Coordinates":{"X":158,"Y":344}},{"Id":610,"Coordinates":{"X":1773,"Y":4720}},{"Id":611,"Coordinates":{"X":4354,"Y":999}},{"Id":612,"Coordinates":{"X":2447,"Y":4195}},{"Id":613,"Coordinates":{"X":2616,"Y":1154}},{"Id":614,"Coordinates":{"X":3064,"Y":3278}},{"Id":615,"Coordinates":{"X":4454,"Y":3323}},{"Id":616,"Coordinates":{"X":1637,"Y":780}},{"Id":617,"Coordinates":{"X":1046,"Y":1724}},{"Id":618,"Coordinates":{"X":1805,"Y":4768}},{"Id":619,"Coordinates":{"X":1299,"Y":4127}},{"Id":620,"Coordinates":{"X":882,"Y":2644}},{"Id":621,"Coordinates":{"X":1412,"Y":3253}},{"Id":622,"Coordinates":{"X":893,"Y":1844}},{"Id":623,"Coordinates":{"X":3673,"Y":4308}},{"Id":624,"Coordinates":{"X":4895,"Y":2375}},{"Id":625,"Coordinates":{"X":762,"Y":493}},{"Id":626,"Coordinates":{"X":602,"Y":2258}},{"Id":627,"Coordinates":{"X":303,"Y":2521}},{"Id":628,"Coordinates":{"X":3306,"Y":4794}},{"Id":629,"Coordinates":{"X":362,"Y":3319}},{"Id":630,"Coordinates":{"X":1166,"Y":4410}},{"Id":631,"Coordinates":{"X":2538,"Y":1090}},{"Id":632,"Coordinates":{"X":4434,"Y":2332}},{"Id":633,"Coordinates":{"X":3741,"Y":4072}},{"Id":634,"Coordinates":{"X":537,"Y":3710}},{"Id":635,"Coordinates":{"X":4955,"Y":4738}},{"Id":636,"Coordinates":{"X":819,"Y":2475}},{"Id":637,"Coordinates":{"X":849,"Y":984}},{"Id":638,"Coordinates":{"X":4602,"Y":1781}},{"Id":639,"Coordinates":{"X":2649,"Y":441}},{"Id":640,"Coordinates":{"X":1239,"Y":3613}},{"Id":641,"Coordinates":{"X":3452,"Y":498}},{"Id":642,"Coordinates":{"X":2035,"Y":285}},{"Id":643,"Coordinates":{"X":1437,"Y":1835}},{"Id":644,"Coordinates":{"X":2919,"Y":2952}},{"Id":645,"Coordinates":{"X":3528,"Y":3690}},{"Id":646,"Coordinates":{"X":692,"Y":976}},{"Id":647,"Coordinates":{"X":729,"Y":1798}},{"Id":648,"Coordinates":{"X":2890,"Y":3538}},{"Id":649,"Coordinates":{"X":3844,"Y":382}},{"Id":650,"Coordinates":{"X":3257,"Y":1368}},{"Id":651,"Coordinates":{"X":1610,"Y":1733}},{"Id":652,"Coordinates":{"X":3396,"Y":3203}},{"Id":653,"Coordinates":{"X":701,"Y":3519}},{"Id":654,"Coordinates":{"X":1448,"Y":3360}},{"Id":655,"Coordinates":{"X":2222,"Y":1704}},{"Id":656,"Coordinates":{"X":3161,"Y":833}},{"Id":657,"Coordinates":{"X":1971,"Y":210}},{"Id":658,"Coordinates":{"X":1835,"Y":2934}},{"Id":659,"Coordinates":{"X":332,"Y":1722}},{"Id":660,"Coordinates":{"X":1733,"Y":490}},{"Id":661,"Coordinates":{"X":2399,"Y":4998}},{"Id":662,"Coordinates":{"X":4827,"Y":2078}},{"Id":663,"Coordinates":{"X":3604,"Y":2828}},{"Id":664,"Coordinates":{"X":787,"Y":4418}},{"Id":665,"Coordinates":{"X":4858,"Y":3600}},{"Id":666,"Coordinates":{"X":2617,"Y":1926}},{"Id":667,"Coordinates":{"X":2284,"Y":1665}},{"Id":668,"Coordinates":{"X":3225,"Y":4641}},{"Id":669,"Coordinates":{"X":1646,"Y":2706}},{"Id":670,"Coordinates":{"X":3015,"Y":2442}},{"Id":671,"Coordinates":{"X":929,"Y":4587}},{"Id":672,"Coordinates":{"X":1997,"Y":3772}},{"Id":673,"Coordinates":{"X":2887,"Y":919}},{"Id":674,"Coordinates":{"X":454,"Y":2834}},{"Id":675,"Coordinates":{"X":1507,"Y":2658}},{"Id":676,"Coordinates":{"X":3966,"Y":1462}},{"Id":677,"Coordinates":{"X":2230,"Y":113}},{"Id":678,"Coordinates":{"X":3967,"Y":3661}},{"Id":679,"Coordinates":{"X":2479,"Y":4075}},{"Id":680,"Coordinates":{"X":3278,"Y":2582}},{"Id":681,"Coordinates":{"X":2385,"Y":1822}},{"Id":682,"Coordinates":{"X":56,"Y":1309}},{"Id":683,"Coordinates":{"X":4844,"Y":3797}},{"Id":684,"Coordinates":{"X":1013,"Y":979}},{"Id":685,"Coordinates":{"X":888,"Y":3935}},{"Id":686,"Coordinates":{"X":412,"Y":43}},{"Id":687,"Coordinates":{"X":4925,"Y":3652}},{"Id":688,"Coordinates":{"X":4461,"Y":129}},{"Id":689,"Coordinates":{"X":2638,"Y":4803}},{"Id":690,"Coordinates":{"X":482,"Y":1341}},{"Id":691,"Coordinates":{"X":411,"Y":4533}},{"Id":692,"Coordinates":{"X":421,"Y":2787}},{"Id":693,"Coordinates":{"X":499,"Y":2289}},{"Id":694,"Coordinates":{"X":2698,"Y":855}},{"Id":695,"Coordinates":{"X":178,"Y":566}},{"Id":696,"Coordinates":{"X":2237,"Y":1977}},{"Id":697,"Coordinates":{"X":1421,"Y":3517}},{"Id":698,"Coordinates":{"X":2706,"Y":1400}},{"Id":699,"Coordinates":{"X":3370,"Y":4954}},{"Id":700,"Coordinates":{"X":4700,"Y":2532}},{"Id":701,"Coordinates":{"X":2234,"Y":373}},{"Id":702,"Coordinates":{"X":1411,"Y":3140}},{"Id":703,"Coordinates":{"X":1964,"Y":1284}},{"Id":704,"Coordinates":{"X":4319,"Y":2135}},{"Id":705,"Coordinates":{"X":487,"Y":299}},{"Id":706,"Coordinates":{"X":4549,"Y":321}},{"Id":707,"Coordinates":{"X":2571,"Y":838}},{"Id":708,"Coordinates":{"X":1445,"Y":80}},{"Id":709,"Coordinates":{"X":3821,"Y":4212}},{"Id":710,"Coordinates":{"X":1136,"Y":3756}},{"Id":711,"Coordinates":{"X":4275,"Y":3222}},{"Id":712,"Coordinates":{"X":4556,"Y":3028}},{"Id":713,"Coordinates":{"X":4489,"Y":2895}},{"Id":714,"Coordinates":{"X":2405,"Y":4674}},{"Id":715,"Coordinates":{"X":2194,"Y":4072}},{"Id":716,"Coordinates":{"X":1808,"Y":3319}},{"Id":717,"Coordinates":{"X":1865,"Y":1850}},{"Id":718,"Coordinates":{"X":2382,"Y":811}},{"Id":719,"Coordinates":{"X":4601,"Y":1014}},{"Id":720,"Coordinates":{"X":1966,"Y":2089}},{"Id":721,"Coordinates":{"X":4722,"Y":4181}},{"Id":722,"Coordinates":{"X":17,"Y":240}},{"Id":723,"Coordinates":{"X":4771,"Y":2922}},{"Id":724,"Coordinates":{"X":4408,"Y":3722}},{"Id":725,"Coordinates":{"X":3602,"Y":129}},{"Id":726,"Coordinates":{"X":2089,"Y":3480}},{"Id":727,"Coordinates":{"X":2701,"Y":4324}},{"Id":728,"Coordinates":{"X":1838,"Y":3412}},{"Id":729,"Coordinates":{"X":1769,"Y":2815}},{"Id":730,"Coordinates":{"X":1333,"Y":804}},{"Id":731,"Coordinates":{"X":1051,"Y":463}},{"Id":732,"Coordinates":{"X":3805,"Y":4767}},{"Id":733,"Coordinates":{"X":1596,"Y":2135}},{"Id":734,"Coordinates":{"X":4186,"Y":1105}},{"Id":735,"Coordinates":{"X":4710,"Y":736}},{"Id":736,"Coordinates":{"X":3142,"Y":3667}},{"Id":737,"Coordinates":{"X":1887,"Y":3281}},{"Id":738,"Coordinates":{"X":3108,"Y":1192}},{"Id":739,"Coordinates":{"X":1354,"Y":3721}},{"Id":740,"Coordinates":{"X":3544,"Y":409}},{"Id":741,"Coordinates":{"X":1201,"Y":557}},{"Id":742,"Coordinates":{"X":852,"Y":1797}},{"Id":743,"Coordinates":{"X":3372,"Y":407}},{"Id":744,"Coordinates":{"X":3661,"Y":4907}},{"Id":745,"Coordinates":{"X":124,"Y":1567}},{"Id":746,"Coordinates":{"X":1171,"Y":4093}},{"Id":747,"Coordinates":{"X":4047,"Y":215}},{"Id":748,"Coordinates":{"X":1209,"Y":303}},{"Id":749,"Coordinates":{"X":175,"Y":2649}},{"Id":750,"Coordinates":{"X":3563,"Y":2359}},{"Id":751,"Coordinates":{"X":202,"Y":1878}},{"Id":752,"Coordinates":{"X":4040,"Y":2345}},{"Id":753,"Coordinates":{"X":791,"Y":73}},{"Id":754,"Coordinates":{"X":4494,"Y":2313}},{"Id":755,"Coordinates":{"X":1386,"Y":1592}},{"Id":756,"Coordinates":{"X":4173,"Y":4344}},{"Id":757,"Coordinates":{"X":973,"Y":4360}},{"Id":758,"Coordinates":{"X":1771,"Y":1500}},{"Id":759,"Coordinates":{"X":3008,"Y":4212}},{"Id":760,"Coordinates":{"X":2106,"Y":1153}},{"Id":761,"Coordinates":{"X":1020,"Y":2515}},{"Id":762,"Coordinates":{"X":4825,"Y":1745}},{"Id":763,"Coordinates":{"X":2285,"Y":771}},{"Id":764,"Coordinates":{"X":3135,"Y":4878}},{"Id":765,"Coordinates":{"X":3174,"Y":9}},{"Id":766,"Coordinates":{"X":2875,"Y":1090}},{"Id":767,"Coordinates":{"X":1474,"Y":1315}},{"Id":768,"Coordinates":{"X":3411,"Y":4686}},{"Id":769,"Coordinates":{"X":2172,"Y":1035}},{"Id":770,"Coordinates":{"X":4007,"Y":2027}},{"Id":771,"Coordinates":{"X":4420,"Y":2370}},{"Id":772,"Coordinates":{"X":2847,"Y":2188}},{"Id":773,"Coordinates":{"X":312,"Y":1694}},{"Id":774,"Coordinates":{"X":2891,"Y":557}},{"Id":775,"Coordinates":{"X":41,"Y":2666}},{"Id":776,"Coordinates":{"X":216,"Y":3038}},{"Id":777,"Coordinates":{"X":493,"Y":4057}},{"Id":778,"Coordinates":{"X":2421,"Y":2280}},{"Id":779,"Coordinates":{"X":1807,"Y":4146}},{"Id":780,"Coordinates":{"X":1906,"Y":1268}},{"Id":781,"Coordinates":{"X":4346,"Y":2432}},{"Id":782,"Coordinates":{"X":2467,"Y":1505}},{"Id":783,"Coordinates":{"X":2508,"Y":1372}},{"Id":784,"Coordinates":{"X":1975,"Y":1779}},{"Id":785,"Coordinates":{"X":2701,"Y":4598}},{"Id":786,"Coordinates":{"X":4778,"Y":3510}},{"Id":787,"Coordinates":{"X":1759,"Y":3380}},{"Id":788,"Coordinates":{"X":1160,"Y":353}},{"Id":789,"Coordinates":{"X":1283,"Y":33}},{"Id":790,"Coordinates":{"X":2969,"Y":2500}},{"Id":791,"Coordinates":{"X":2208,"Y":598}},{"Id":792,"Coordinates":{"X":765,"Y":2666}},{"Id":793,"Coordinates":{"X":4559,"Y":4903}},{"Id":794,"Coordinates":{"X":374,"Y":2917}},{"Id":795,"Coordinates":{"X":2084,"Y":3605}},{"Id":796,"Coordinates":{"X":3179,"Y":990}},{"Id":797,"Coordinates":{"X":2108,"Y":2918}},{"Id":798,"Coordinates":{"X":1310,"Y":2910}},{"Id":799,"Coordinates":{"X":3517,"Y":2740}},{"Id":800,"Coordinates":{"X":4001,"Y":4759}},{"Id":801,"Coordinates":{"X":386,"Y":1815}},{"Id":802,"Coordinates":{"X":2425,"Y":4383}},{"Id":803,"Coordinates":{"X":2286,"Y":2278}},{"Id":804,"Coordinates":{"X":361,"Y":1009}},{"Id":805,"Coordinates":{"X":870,"Y":4204}},{"Id":806,"Coordinates":{"X":696,"Y":4652}},{"Id":807,"Coordinates":{"X":3989,"Y":2434}},{"Id":808,"Coordinates":{"X":1386,"Y":3940}},{"Id":809,"Coordinates":{"X":2411,"Y":4027}},{"Id":810,"Coordinates":{"X":4793,"Y":4978}},{"Id":811,"Coordinates":{"X":3083,"Y":4384}},{"Id":812,"Coordinates":{"X":174,"Y":4271}},{"Id":813,"Coordinates":{"X":1129,"Y":1323}},{"Id":814,"Coordinates":{"X":1631,"Y":405}},{"Id":815,"Coordinates":{"X":1136,"Y":4500}},{"Id":816,"Coordinates":{"X":2161,"Y":3960}},{"Id":817,"Coordinates":{"X":2967,"Y":2147}},{"Id":818,"Coordinates":{"X":1107,"Y":2335}},{"Id":819,"Coordinates":{"X":2066,"Y":3497}},{"Id":820,"Coordinates":{"X":4792,"Y":4155}},{"Id":821,"Coordinates":{"X":2868,"Y":4461}},{"Id":822,"Coordinates":{"X":3141,"Y":4991}},{"Id":823,"Coordinates":{"X":4898,"Y":2997}},{"Id":824,"Coordinates":{"X":4782,"Y":2530}},{"Id":825,"Coordinates":{"X":555,"Y":3202}},{"Id":826,"Coordinates":{"X":2108,"Y":2989}},{"Id":827,"Coordinates":{"X":2825,"Y":2298}},{"Id":828,"Coordinates":{"X":1352,"Y":1623}},{"Id":829,"Coordinates":{"X":3734,"Y":4997}},{"Id":830,"Coordinates":{"X":4702,"Y":2197}},{"Id":831,"Coordinates":{"X":3171,"Y":4290}},{"Id":832,"Coordinates":{"X":1370,"Y":1898}},{"Id":833,"Coordinates":{"X":2845,"Y":1316}},{"Id":834,"Coordinates":{"X":943,"Y":4683}},{"Id":835,"Coordinates":{"X":4801,"Y":2829}},{"Id":836,"Coordinates":{"X":4453,"Y":4515}},{"Id":837,"Coordinates":{"X":2580,"Y":2892}},{"Id":838,"Coordinates":{"X":3889,"Y":3604}},{"Id":839,"Coordinates":{"X":1570,"Y":3084}},{"Id":840,"Coordinates":{"X":2188,"Y":1766}},{"Id":841,"Coordinates":{"X":4006,"Y":3219}},{"Id":842,"Coordinates":{"X":2207,"Y":4270}},{"Id":843,"Coordinates":{"X":2611,"Y":4825}},{"Id":844,"Coordinates":{"X":3971,"Y":1634}},{"Id":845,"Coordinates":{"X":1639,"Y":4166}},{"Id":846,"Coordinates":{"X":588,"Y":4630}},{"Id":847,"Coordinates":{"X":3872,"Y":4103}},{"Id":848,"Coordinates":{"X":171,"Y":4467}},{"Id":849,"Coordinates":{"X":1562,"Y":3023}},{"Id":850,"Coordinates":{"X":1792,"Y":4399}},{"Id":851,"Coordinates":{"X":3119,"Y":1134}},{"Id":852,"Coordinates":{"X":4195,"Y":2883}},{"Id":853,"Coordinates":{"X":52,"Y":3568}},{"Id":854,"Coordinates":{"X":2668,"Y":1793}},{"Id":855,"Coordinates":{"X":376,"Y":2597}},{"Id":856,"Coordinates":{"X":4957,"Y":2253}},{"Id":857,"Coordinates":{"X":699,"Y":960}},{"Id":858,"Coordinates":{"X":2815,"Y":3399}},{"Id":859,"Coordinates":{"X":4217,"Y":178}},{"Id":860,"Coordinates":{"X":635,"Y":2619}},{"Id":861,"Coordinates":{"X":578,"Y":399}},{"Id":862,"Coordinates":{"X":3156,"Y":1574}},{"Id":863,"Coordinates":{"X":4373,"Y":1532}},{"Id":864,"Coordinates":{"X":4171,"Y":2600}},{"Id":865,"Coordinates":{"X":186,"Y":4233}},{"Id":866,"Coordinates":{"X":1952,"Y":2713}},{"Id":867,"Coordinates":{"X":3336,"Y":844}},{"Id":868,"Coordinates":{"X":4987,"Y":2906}},{"Id":869,"Coordinates":{"X":2202,"Y":3438}},{"Id":870,"Coordinates":{"X":4746,"Y":3935}},{"Id":871,"Coordinates":{"X":3699,"Y":786}},{"Id":872,"Coordinates":{"X":1102,"Y":2894}},{"Id":873,"Coordinates":{"X":1955,"Y":3155}},{"Id":874,"Coordinates":{"X":2871,"Y":2565}},{"Id":875,"Coordinates":{"X":2683,"Y":1580}},{"Id":876,"Coordinates":{"X":1405,"Y":4707}},{"Id":877,"Coordinates":{"X":19,"Y":2791}},{"Id":878,"Coordinates":{"X":4746,"Y":3879}},{"Id":879,"Coordinates":{"X":2142,"Y":2698}},{"Id":880,"Coordinates":{"X":663,"Y":855}},{"Id":881,"Coordinates":{"X":4413,"Y":2545}},{"Id":882,"Coordinates":{"X":2162,"Y":3174}},{"Id":883,"Coordinates":{"X":517,"Y":4798}},{"Id":884,"Coordinates":{"X":4430,"Y":4811}},{"Id":885,"Coordinates":{"X":4635,"Y":2}},{"Id":886,"Coordinates":{"X":3570,"Y":1796}},{"Id":887,"Coordinates":{"X":402,"Y":3325}},{"Id":888,"Coordinates":{"X":4257,"Y":1350}},{"Id":889,"Coordinates":{"X":1004,"Y":2878}},{"Id":890,"Coordinates":{"X":4769,"Y":4102}},{"Id":891,"Coordinates":{"X":2344,"Y":2819}},{"Id":892,"Coordinates":{"X":1994,"Y":1312}},{"Id":893,"Coordinates":{"X":3828,"Y":2399}},{"Id":894,"Coordinates":{"X":4946,"Y":272}},{"Id":895,"Coordinates":{"X":3737,"Y":2036}},{"Id":896,"Coordinates":{"X":1552,"Y":4995}},{"Id":897,"Coordinates":{"X":1397,"Y":1286}},{"Id":898,"Coordinates":{"X":723,"Y":4269}},{"Id":899,"Coordinates":{"X":4266,"Y":3182}},{"Id":900,"Coordinates":{"X":4111,"Y":875}},{"Id":901,"Coordinates":{"X":2239,"Y":1111}},{"Id":902,"Coordinates":{"X":455,"Y":1943}},{"Id":903,"Coordinates":{"X":4041,"Y":4198}},{"Id":904,"Coordinates":{"X":287,"Y":469}},{"Id":905,"Coordinates":{"X":2593,"Y":3337}},{"Id":906,"Coordinates":{"X":4099,"Y":2841}},{"Id":907,"Coordinates":{"X":2808,"Y":920}},{"Id":908,"Coordinates":{"X":1206,"Y":710}},{"Id":909,"Coordinates":{"X":2126,"Y":2102}},{"Id":910,"Coordinates":{"X":547,"Y":2077}},{"Id":911,"Coordinates":{"X":2133,"Y":125}},{"Id":912,"Coordinates":{"X":3150,"Y":1703}},{"Id":913,"Coordinates":{"X":266,"Y":3373}},{"Id":914,"Coordinates":{"X":22,"Y":1857}},{"Id":915,"Coordinates":{"X":3822,"Y":3673}},{"Id":916,"Coordinates":{"X":78,"Y":2974}},{"Id":917,"Coordinates":{"X":2311,"Y":4194}},{"Id":918,"Coordinates":{"X":1912,"Y":1269}},{"Id":919,"Coordinates":{"X":3845,"Y":4080}},{"Id":920,"Coordinates":{"X":620,"Y":4561}},{"Id":921,"Coordinates":{"X":1779,"Y":2540}},{"Id":922,"Coordinates":{"X":4297,"Y":2405}},{"Id":923,"Coordinates":{"X":1362,"Y":2799}},{"Id":924,"Coordinates":{"X":3127,"Y":3561}},{"Id":925,"Coordinates":{"X":4641,"Y":3670}},{"Id":926,"Coordinates":{"X":2232,"Y":3902}},{"Id":927,"Coordinates":{"X":1722,"Y":2534}},{"Id":928,"Coordinates":{"X":3740,"Y":1726}},{"Id":929,"Coordinates":{"X":3630,"Y":3581}},{"Id":930,"Coordinates":{"X":1062,"Y":4036}},{"Id":931,"Coordinates":{"X":3727,"Y":1039}},{"Id":932,"Coordinates":{"X":2480,"Y":4456}},{"Id":933,"Coordinates":{"X":3888,"Y":408}},{"Id":934,"Coordinates":{"X":4488,"Y":703}},{"Id":935,"Coordinates":{"X":600,"Y":2192}},{"Id":936,"Coordinates":{"X":1755,"Y":2368}},{"Id":937,"Coordinates":{"X":2589,"Y":3159}},{"Id":938,"Coordinates":{"X":4851,"Y":2761}},{"Id":939,"Coordinates":{"X":3456,"Y":1777}},{"Id":940,"Coordinates":{"X":4192,"Y":517}},{"Id":941,"Coordinates":{"X":4485,"Y":3315}},{"Id":942,"Coordinates":{"X":4614,"Y":2581}},{"Id":943,"Coordinates":{"X":4479,"Y":2197}},{"Id":944,"Coordinates":{"X":1891,"Y":1895}},{"Id":945,"Coordinates":{"X":4255,"Y":4550}},{"Id":946,"Coordinates":{"X":2483,"Y":1750}},{"Id":947,"Coordinates":{"X":3990,"Y":1847}},{"Id":948,"Coordinates":{"X":2867,"Y":602}},{"Id":949,"Coordinates":{"X":1946,"Y":2671}},{"Id":950,"Coordinates":{"X":4848,"Y":1445}},{"Id":951,"Coordinates":{"X":364,"Y":2203}},{"Id":952,"Coordinates":{"X":1149,"Y":719}},{"Id":953,"Coordinates":{"X":1744,"Y":4999}},{"Id":954,"Coordinates":{"X":1525,"Y":3908}},{"Id":955,"Coordinates":{"X":4728,"Y":2841}},{"Id":956,"Coordinates":{"X":2212,"Y":3276}},{"Id":957,"Coordinates":{"X":2445,"Y":4626}},{"Id":958,"Coordinates":{"X":4816,"Y":2567}},{"Id":959,"Coordinates":{"X":3309,"Y":4342}},{"Id":960,"Coordinates":{"X":2576,"Y":364}},{"Id":961,"Coordinates":{"X":1928,"Y":3656}},{"Id":962,"Coordinates":{"X":2879,"Y":4469}},{"Id":963,"Coordinates":{"X":356,"Y":3952}},{"Id":964,"Coordinates":{"X":3116,"Y":1372}},{"Id":965,"Coordinates":{"X":3657,"Y":3907}},{"Id":966,"Coordinates":{"X":712,"Y":2524}},{"Id":967,"Coordinates":{"X":913,"Y":106}},{"Id":968,"Coordinates":{"X":4647,"Y":2349}},{"Id":969,"Coordinates":{"X":767,"Y":2413}},{"Id":970,"Coordinates":{"X":856,"Y":4341}},{"Id":971,"Coordinates":{"X":4950,"Y":4449}},{"Id":972,"Coordinates":{"X":794,"Y":580}},{"Id":973,"Coordinates":{"X":2736,"Y":267}},{"Id":974,"Coordinates":{"X":1880,"Y":150}},{"Id":975,"Coordinates":{"X":3662,"Y":2477}},{"Id":976,"Coordinates":{"X":647,"Y":1938}},{"Id":977,"Coordinates":{"X":3570,"Y":4203}},{"Id":978,"Coordinates":{"X":821,"Y":4708}},{"Id":979,"Coordinates":{"X":4986,"Y":4257}},{"Id":980,"Coordinates":{"X":2438,"Y":3101}},{"Id":981,"Coordinates":{"X":3421,"Y":1853}},{"Id":982,"Coordinates":{"X":2490,"Y":3013}},{"Id":983,"Coordinates":{"X":2913,"Y":1907}},{"Id":984,"Coordinates":{"X":1265,"Y":4090}},{"Id":985,"Coordinates":{"X":188,"Y":559}},{"Id":986,"Coordinates":{"X":3728,"Y":1122}},{"Id":987,"Coordinates":{"X":4771,"Y":2808}},{"Id":988,"Coordinates":{"X":2802,"Y":468}},{"Id":989,"Coordinates":{"X":4433,"Y":3415}},{"Id":990,"Coordinates":{"X":1710,"Y":4981}},{"Id":991,"Coordinates":{"X":4905,"Y":4083}},{"Id":992,"Coordinates":{"X":4214,"Y":4246}},{"Id":993,"Coordinates":{"X":4502,"Y":2973}},{"Id":994,"Coordinates":{"X":2860,"Y":34}},{"Id":995,"Coordinates":{"X":816,"Y":4276}},{"Id":996,"Coordinates":{"X":2904,"Y":651}},{"Id":997,"Coordinates":{"X":239,"Y":2210}},{"Id":998,"Coordinates":{"X":641,"Y":4904}},{"Id":999,"Coordinates":{"X":2139,"Y":2650}}],"Warehouses":[{"Id":0,"Coordinates":{"X":3525,"Y":4458}},{"Id":1,"Coordinates":{"X":4589,"Y":3664}},{"Id":2,"Coordinates":{"X":1691,"Y":808}},{"Id":3,"Coordinates":{"X":2304,"Y":1406}},{"Id":4,"Coordinates":{"X":901,"Y":1234}},{"Id":5,"Coordinates":{"X":2602,"Y":2016}},{"Id":6,"Coordinates":{"X":1304,"Y":3654}},{"Id":7,"Coordinates":{"X":3950,"Y":4115}},{"Id":8,"Coordinates":{"X":2449,"Y":47}},{"Id":9,"Coordinates":{"X":3078,"Y":181}}]}